# 実験 0b の精度確認用テストセット。1行1件: 左文脈<TAB>読み<TAB>候補1|候補2|...<TAB>正解
# 左文脈は空でもよい。# で始まる行と空行は読み飛ばす
# 同音異義語 (左文脈で決まる)
歯が痛いので	はいしゃにいった	歯医者に行った|敗者に行った|配車に行った|は医者に行った	歯医者に行った
熱が出たので	いしゃにいった	医者に行った|医者に言った|医者にいった	医者に行った
思ったことをはっきり	いった	言った|行った|いった	言った
先週東京へ	いった	行った|言った|いった	行った
工場の	きかいがとまった	機械が止まった|機会が止まった|機械が泊まった|器械が止まった	機械が止まった
またとない	きかいをえた	機会を得た|機械を得た|奇怪を得た	機会を得た
大会で	きろくをこうしんした	記録を更新した|記録を交信した|記録を行進した	記録を更新した
川に	はしがある	橋がある|箸がある|端がある	橋がある
ご飯を食べるときは	はしをつかう	箸を使う|橋を使う|端を使う	箸を使う
車が来るので道の	はしをあるく	端を歩く|橋を歩く|箸を歩く	端を歩く
寒いので	あついこーとをきた	厚いコートを着た|熱いコートを着た|暑いコートを着た|厚いコートを来た	厚いコートを着た
今年の夏はとても	あつい	暑い|熱い|厚い	暑い
このスープはまだ	あつい	熱い|暑い|厚い	熱い
地震の	よちはむずかしい	予知は難しい|余地は難しい|予知はむずかしい	予知は難しい
まだ改善の	よちがある	余地がある|予知がある	余地がある
事故で電車が	おくれた	遅れた|送れた|後れた	遅れた
取引先にメールを	おくった	送った|贈った	送った
選挙で多くの	しじをあつめた	支持を集めた|指示を集めた|師事を集めた	支持を集めた
上司の	しじにしたがう	指示に従う|支持に従う|師事に従う	指示に従う
歯が痛くて	きょうはいしゃにいった	今日歯医者に行った|今日は医者に行った|今日は医者に言った	今日歯医者に行った
熱が出て	きょうはいしゃにいった	今日は医者に行った|今日歯医者に行った|今日は医者に言った	今日は医者に行った
# 同音異義語 (読みの中で決まる)
	きしゃのきしゃがきしゃできしゃした	貴社の記者が汽車で帰社した|記者の記者が汽車で帰社した|貴社の記者が記者で帰社した|帰社の記者が汽車で貴社した	貴社の記者が汽車で帰社した
	にわにはにわにわとりがいる	庭には二羽鶏がいる|庭に埴輪鶏がいる|庭には二羽にわとりがいる|庭には庭鶏がいる	庭には二羽鶏がいる
	はしをわたる	橋を渡る|箸を渡る|端を渡る	橋を渡る
	ふくをきる	服を着る|服を切る|福を着る	服を着る
	あめがふる	雨が降る|飴が降る|雨が振る	雨が降る
# 助詞と同音の漢字
	わたしはがっこうにいく	私は学校に行く|私は学校二行く|私歯学校に行く	私は学校に行く
	ほんをよむ	本を読む|本尾読む|本を詠む	本を読む
	かれがきた	彼が来た|彼が着た|枯れが来た	彼が来た
	えきでまつ	駅で待つ|駅出待つ|駅で松	駅で待つ
	ともだちとあう	友達と会う|友達と合う|友達戸会う	友達と会う
	やまへいく	山へ行く|山経行く|山へ逝く	山へ行く
	ねこもいぬもすき	猫も犬も好き|猫藻犬も好き|猫も犬も隙	猫も犬も好き
	みずをのむ	水を飲む|水尾飲む|水を呑む	水を飲む
	かぜがつよい	風が強い|風邪が強い|風賀強い	風が強い
	てがみをかいた	手紙を書いた|手紙を描いた|手紙尾書いた	手紙を書いた
# 文脈で決まる語
このパソコンは新しいので	きのうがおおい	機能が多い|昨日が多い|帰納が多い	機能が多い
雨が降ったのは	きのうだ	昨日だ|機能だ|帰納だ	昨日だ
プログラムの	こうせいをみなおす	構成を見直す|校正を見直す|更生を見直す|厚生を見直す	構成を見直す
原稿の	こうせいをおねがいします	校正をお願いします|構成をお願いします|厚生をお願いします	校正をお願いします
昨日の試合に	かった	勝った|買った|刈った	勝った
店で新しい服を	かった	買った|勝った|刈った	買った
庭の草を	かった	刈った|買った|勝った	刈った
彼の意見に	さんせいした	賛成した|酸性した|参政した	賛成した
この土は	さんせいだ	酸性だ|賛成だ|三世だ	酸性だ
ピアノを	ひく	弾く|引く|轢く|挽く	弾く
コーヒー豆を	ひく	挽く|弾く|引く|轢く	挽く
旅行先で写真を	とった	撮った|取った|採った|捕った	撮った
大学の	こうぎにでる	講義に出る|抗議に出る|広義に出る	講義に出る
政府の決定に	こうぎした	抗議した|講義した|広義した	抗議した
